"metrica","valor"
"n",200
"r2",0.969690932674731
"r2_ajustado",0.969537856577129
"sigma",0.964531079142674
