"termino","estimacion","error_std","t_value","p_value"
"(Intercept)",0.0772572525901416,0.143590650808855,0.538038181141644,0.591154958339065
"x",1.98601911060734,0.024952866721867,79.5908194735367,2.72495460344675e-152
