"metrica","valor"
"n",200
"x_mean",5.06391936899163
"y_mean",10.1342978939822
"x_sd",2.74011784406105
"y_sd",5.52631958985105
